Id,Class
Id4001,1
Id4002,1
Id4003,0
Id4004,1
Id4005,1
Id4006,0
Id4007,0
Id4008,0
Id4009,0
Id4010,1
Id4011,0
Id4012,1
Id4013,0
Id4014,1
Id4015,0
Id4016,0
Id4017,1
Id4018,0
Id4019,1
Id4020,0
Id4021,1
Id4022,0
Id4023,0
Id4024,1
Id4025,0
Id4026,0
Id4027,0
Id4028,1
Id4029,1
Id4030,0
Id4031,1
Id4032,0
Id4033,0
Id4034,1
Id4035,0
Id4036,1
Id4037,1
Id4038,1
Id4039,0
Id4040,0
Id4041,0
Id4042,1
Id4043,1
Id4044,1
Id4045,0
Id4046,1
Id4047,1
Id4048,1
Id4049,1
Id4050,0
Id4051,0
Id4052,1
Id4053,1
Id4054,1
Id4055,0
Id4056,1
Id4057,0
Id4058,1
Id4059,1
Id4060,1
Id4061,1
Id4062,0
Id4063,0
Id4064,0
Id4065,0
Id4066,0
Id4067,1
Id4068,1
Id4069,0
Id4070,0
Id4071,0
Id4072,1
Id4073,1
Id4074,0
Id4075,0
Id4076,0
Id4077,1
Id4078,1
Id4079,1
Id4080,1
Id4081,0
Id4082,1
Id4083,0
Id4084,0
Id4085,0
Id4086,0
Id4087,0
Id4088,1
Id4089,1
Id4090,1
Id4091,1
Id4092,0
Id4093,0
Id4094,0
Id4095,0
Id4096,1
Id4097,0
Id4098,0
Id4099,1
Id4100,0
Id4101,1
Id4102,1
Id4103,1
Id4104,0
Id4105,1
Id4106,1
Id4107,0
Id4108,1
Id4109,1
Id4110,0
Id4111,0
Id4112,0
Id4113,0
Id4114,0
Id4115,0
Id4116,0
Id4117,0
Id4118,0
Id4119,1
Id4120,0
Id4121,0
Id4122,0
Id4123,1
Id4124,1
Id4125,1
Id4126,1
Id4127,1
Id4128,0
Id4129,1
Id4130,1
Id4131,1
Id4132,1
Id4133,0
Id4134,0
Id4135,0
Id4136,1
Id4137,0
Id4138,1
Id4139,0
Id4140,0
Id4141,0
Id4142,0
Id4143,1
Id4144,1
Id4145,1
Id4146,0
Id4147,0
Id4148,0
Id4149,0
Id4150,0
Id4151,0
Id4152,0
Id4153,1
Id4154,0
Id4155,0
Id4156,1
Id4157,0
Id4158,0
Id4159,1
Id4160,0
Id4161,1
Id4162,0
Id4163,1
Id4164,1
Id4165,0
Id4166,1
Id4167,0
Id4168,1
Id4169,1
Id4170,1
Id4171,0
Id4172,1
Id4173,1
Id4174,1
Id4175,0
Id4176,1
Id4177,0
Id4178,1
Id4179,1
Id4180,1
Id4181,0
Id4182,1
Id4183,0
Id4184,0
Id4185,0
Id4186,1
Id4187,0
Id4188,1
Id4189,1
Id4190,1
Id4191,1
Id4192,1
Id4193,1
Id4194,0
Id4195,0
Id4196,0
Id4197,0
Id4198,1
Id4199,0
Id4200,0
Id4201,1
Id4202,0
Id4203,0
Id4204,0
Id4205,1
Id4206,1
Id4207,1
Id4208,0
Id4209,0
Id4210,0
Id4211,0
Id4212,0
Id4213,1
Id4214,0
Id4215,0
Id4216,1
Id4217,0
Id4218,0
Id4219,1
Id4220,1
Id4221,1
Id4222,1
Id4223,0
Id4224,0
Id4225,0
Id4226,0
Id4227,1
Id4228,1
Id4229,0
Id4230,0
Id4231,1
Id4232,0
Id4233,1
Id4234,1
Id4235,0
Id4236,0
Id4237,0
Id4238,1
Id4239,0
Id4240,1
Id4241,0
Id4242,0
Id4243,1
Id4244,1
Id4245,1
Id4246,0
Id4247,0
Id4248,1
Id4249,1
Id4250,0
Id4251,0
Id4252,1
Id4253,1
Id4254,0
Id4255,0
Id4256,0
Id4257,1
Id4258,0
Id4259,1
Id4260,1
Id4261,0
Id4262,0
Id4263,1
Id4264,0
Id4265,0
Id4266,0
Id4267,1
Id4268,1
Id4269,1
Id4270,1
Id4271,0
Id4272,0
Id4273,1
Id4274,1
Id4275,1
Id4276,0
Id4277,1
Id4278,0
Id4279,0
Id4280,1
Id4281,0
Id4282,0
Id4283,1
Id4284,0
Id4285,0
Id4286,1
Id4287,1
Id4288,1
Id4289,1
Id4290,1
Id4291,1
Id4292,1
Id4293,0
Id4294,1
Id4295,1
Id4296,1
Id4297,0
Id4298,0
Id4299,0
Id4300,0
Id4301,1
Id4302,0
Id4303,0
Id4304,1
Id4305,0
Id4306,1
Id4307,0
Id4308,0
Id4309,0
Id4310,1
Id4311,1
Id4312,0
Id4313,1
Id4314,1
Id4315,0
Id4316,1
Id4317,1
Id4318,1
Id4319,1
Id4320,1
Id4321,0
Id4322,1
Id4323,1
Id4324,1
Id4325,1
Id4326,0
Id4327,0
Id4328,1
Id4329,0
Id4330,1
Id4331,0
Id4332,1
Id4333,0
Id4334,0
Id4335,1
Id4336,0
Id4337,1
Id4338,1
Id4339,1
Id4340,1
Id4341,0
Id4342,1
Id4343,1
Id4344,1
Id4345,1
Id4346,1
Id4347,0
Id4348,0
Id4349,1
Id4350,0
Id4351,0
Id4352,1
Id4353,1
Id4354,0
Id4355,0
Id4356,0
Id4357,0
Id4358,1
Id4359,1
Id4360,1
Id4361,1
Id4362,1
Id4363,1
Id4364,1
Id4365,0
Id4366,1
Id4367,0
Id4368,1
Id4369,0
Id4370,0
Id4371,0
Id4372,1
Id4373,0
Id4374,1
Id4375,0
Id4376,1
Id4377,1
Id4378,1
Id4379,0
Id4380,1
Id4381,1
Id4382,0
Id4383,0
Id4384,1
Id4385,1
Id4386,1
Id4387,1
Id4388,0
Id4389,1
Id4390,1
Id4391,1
Id4392,1
Id4393,1
Id4394,1
Id4395,0
Id4396,0
Id4397,1
Id4398,0
Id4399,0
Id4400,1
Id4401,0
Id4402,1
Id4403,1
Id4404,0
Id4405,0
Id4406,1
Id4407,1
Id4408,1
Id4409,0
Id4410,1
Id4411,0
Id4412,0
Id4413,1
Id4414,0
Id4415,1
Id4416,0
Id4417,1
Id4418,1
Id4419,0
Id4420,0
Id4421,1
Id4422,1
Id4423,1
Id4424,0
Id4425,0
Id4426,1
Id4427,1
Id4428,0
Id4429,1
Id4430,1
Id4431,1
Id4432,1
Id4433,1
Id4434,1
Id4435,1
Id4436,0
Id4437,0
Id4438,1
Id4439,1
Id4440,1
Id4441,1
Id4442,1
Id4443,0
Id4444,1
Id4445,1
Id4446,0
Id4447,0
Id4448,1
Id4449,0
Id4450,1
Id4451,0
Id4452,1
Id4453,0
Id4454,0
Id4455,1
Id4456,1
Id4457,1
Id4458,1
Id4459,0
Id4460,0
Id4461,0
Id4462,1
Id4463,1
Id4464,1
Id4465,1
Id4466,0
Id4467,0
Id4468,1
Id4469,1
Id4470,1
Id4471,1
Id4472,0
Id4473,0
Id4474,0
Id4475,0
Id4476,1
Id4477,1
Id4478,0
Id4479,1
Id4480,1
Id4481,1
Id4482,1
Id4483,1
Id4484,0
Id4485,0
Id4486,1
Id4487,0
Id4488,0
Id4489,0
Id4490,0
Id4491,1
Id4492,0
Id4493,1
Id4494,0
Id4495,0
Id4496,1
Id4497,0
Id4498,0
Id4499,1
Id4500,1
Id4501,0
Id4502,0
Id4503,0
Id4504,0
Id4505,0
Id4506,0
Id4507,0
Id4508,0
Id4509,0
Id4510,1
Id4511,1
Id4512,0
Id4513,1
Id4514,1
Id4515,0
Id4516,0
Id4517,0
Id4518,1
Id4519,0
Id4520,1
Id4521,0
Id4522,1
Id4523,0
Id4524,1
Id4525,0
Id4526,0
Id4527,0
Id4528,1
Id4529,0
Id4530,0
Id4531,1
Id4532,0
Id4533,0
Id4534,1
Id4535,1
Id4536,0
Id4537,1
Id4538,0
Id4539,1
Id4540,0
Id4541,0
Id4542,1
Id4543,0
Id4544,0
Id4545,1
Id4546,0
Id4547,1
Id4548,0
Id4549,1
Id4550,1
Id4551,1
Id4552,0
Id4553,1
Id4554,0
Id4555,0
Id4556,1
Id4557,1
Id4558,0
Id4559,0
Id4560,1
Id4561,1
Id4562,0
Id4563,0
Id4564,1
Id4565,0
Id4566,1
Id4567,0
Id4568,1
Id4569,1
Id4570,1
Id4571,0
Id4572,0
Id4573,1
Id4574,1
Id4575,1
Id4576,0
Id4577,1
Id4578,1
Id4579,0
Id4580,1
Id4581,1
Id4582,0
Id4583,1
Id4584,1
Id4585,0
Id4586,0
Id4587,1
Id4588,0
Id4589,0
Id4590,1
Id4591,0
Id4592,0
Id4593,0
Id4594,1
Id4595,0
Id4596,0
Id4597,0
Id4598,0
Id4599,1
Id4600,1
Id4601,0
Id4602,1
Id4603,1
Id4604,1
Id4605,0
Id4606,1
Id4607,0
Id4608,1
Id4609,1
Id4610,1
Id4611,0
Id4612,0
Id4613,1
Id4614,1
Id4615,1
Id4616,1
Id4617,1
Id4618,1
Id4619,0
Id4620,0
Id4621,1
Id4622,1
Id4623,0
Id4624,1
Id4625,0
Id4626,0
Id4627,0
Id4628,0
Id4629,1
Id4630,0
Id4631,0
Id4632,0
Id4633,1
Id4634,1
Id4635,0
Id4636,1
Id4637,1
Id4638,1
Id4639,0
Id4640,0
Id4641,1
Id4642,1
Id4643,1
Id4644,1
Id4645,1
Id4646,0
Id4647,1
Id4648,1
Id4649,1
Id4650,0
Id4651,0
Id4652,1
Id4653,1
Id4654,0
Id4655,0
Id4656,1
Id4657,1
Id4658,1
Id4659,1
Id4660,1
Id4661,1
Id4662,1
Id4663,0
Id4664,0
Id4665,0
Id4666,1
Id4667,0
Id4668,1
Id4669,0
Id4670,1
Id4671,0
Id4672,0
Id4673,0
Id4674,0
Id4675,0
Id4676,1
Id4677,0
Id4678,1
Id4679,1
Id4680,1
Id4681,0
Id4682,1
Id4683,0
Id4684,0
Id4685,1
Id4686,0
Id4687,1
Id4688,1
Id4689,1
Id4690,1
Id4691,0
Id4692,0
Id4693,1
Id4694,0
Id4695,0
Id4696,0
Id4697,0
Id4698,0
Id4699,0
Id4700,1
Id4701,1
Id4702,0
Id4703,1
Id4704,0
Id4705,0
Id4706,1
Id4707,0
Id4708,1
Id4709,1
Id4710,0
Id4711,1
Id4712,0
Id4713,1
Id4714,0
Id4715,1
Id4716,1
Id4717,1
Id4718,0
Id4719,1
Id4720,1
Id4721,0
Id4722,1
Id4723,0
Id4724,1
Id4725,1
Id4726,1
Id4727,1
Id4728,0
Id4729,0
Id4730,0
Id4731,1
Id4732,1
Id4733,0
Id4734,0
Id4735,1
Id4736,0
Id4737,0
Id4738,1
Id4739,1
Id4740,1
Id4741,1
Id4742,1
Id4743,0
Id4744,0
Id4745,0
Id4746,0
Id4747,1
Id4748,0
Id4749,1
Id4750,1
Id4751,0
Id4752,0
Id4753,0
Id4754,1
Id4755,0
Id4756,0
Id4757,0
Id4758,0
Id4759,1
Id4760,1
Id4761,1
Id4762,0
Id4763,1
Id4764,0
Id4765,0
Id4766,0
Id4767,1
Id4768,0
Id4769,1
Id4770,0
Id4771,0
Id4772,0
Id4773,0
Id4774,1
Id4775,1
Id4776,0
Id4777,0
Id4778,0
Id4779,1
Id4780,0
Id4781,0
Id4782,0
Id4783,1
Id4784,1
Id4785,1
Id4786,1
Id4787,1
Id4788,1
Id4789,1
Id4790,0
Id4791,1
Id4792,1
Id4793,1
Id4794,1
Id4795,0
Id4796,1
Id4797,0
Id4798,1
Id4799,0
Id4800,0
Id4801,0
Id4802,0
Id4803,0
Id4804,0
Id4805,0
Id4806,0
Id4807,0
Id4808,1
Id4809,0
Id4810,0
Id4811,0
Id4812,1
Id4813,0
Id4814,1
Id4815,0
Id4816,1
Id4817,0
Id4818,1
Id4819,1
Id4820,0
Id4821,0
Id4822,0
Id4823,0
Id4824,1
Id4825,1
Id4826,0
Id4827,1
Id4828,0
Id4829,1
Id4830,0
Id4831,1
Id4832,1
Id4833,0
Id4834,1
Id4835,0
Id4836,0
Id4837,1
Id4838,1
Id4839,0
Id4840,0
Id4841,1
Id4842,1
Id4843,0
Id4844,1
Id4845,0
Id4846,0
Id4847,1
Id4848,0
Id4849,0
Id4850,0
Id4851,0
Id4852,1
Id4853,0
Id4854,0
Id4855,0
Id4856,1
Id4857,1
Id4858,1
Id4859,0
Id4860,1
Id4861,0
Id4862,1
Id4863,0
Id4864,1
Id4865,1
Id4866,1
Id4867,1
Id4868,1
Id4869,1
Id4870,0
Id4871,0
Id4872,0
Id4873,1
Id4874,0
Id4875,1
Id4876,0
Id4877,0
Id4878,0
Id4879,0
Id4880,1
Id4881,1
Id4882,1
Id4883,0
Id4884,0
Id4885,1
Id4886,0
Id4887,1
Id4888,0
Id4889,0
Id4890,1
Id4891,1
Id4892,1
Id4893,1
Id4894,1
Id4895,1
Id4896,1
Id4897,0
Id4898,1
Id4899,0
Id4900,0
Id4901,0
Id4902,0
Id4903,1
Id4904,1
Id4905,0
Id4906,1
Id4907,0
Id4908,1
Id4909,1
Id4910,0
Id4911,1
Id4912,1
Id4913,1
Id4914,0
Id4915,0
Id4916,1
Id4917,0
Id4918,0
Id4919,0
Id4920,0
Id4921,0
Id4922,0
Id4923,1
Id4924,1
Id4925,1
Id4926,1
Id4927,1
Id4928,0
Id4929,1
Id4930,1
Id4931,0
Id4932,0
Id4933,1
Id4934,1
Id4935,1
Id4936,0
Id4937,0
Id4938,0
Id4939,0
Id4940,1
Id4941,1
Id4942,0
Id4943,0
Id4944,1
Id4945,1
Id4946,1
Id4947,0
Id4948,1
Id4949,1
Id4950,1
Id4951,1
Id4952,1
Id4953,0
Id4954,0
Id4955,1
Id4956,0
Id4957,0
Id4958,0
Id4959,0
Id4960,1
Id4961,1
Id4962,1
Id4963,1
Id4964,0
Id4965,0
Id4966,1
Id4967,1
Id4968,1
Id4969,1
Id4970,1
Id4971,1
Id4972,1
Id4973,1
Id4974,1
Id4975,0
Id4976,1
Id4977,1
Id4978,0
Id4979,1
Id4980,1
Id4981,0
Id4982,1
Id4983,0
Id4984,0
Id4985,1
Id4986,0
Id4987,0
Id4988,0
Id4989,0
Id4990,1
Id4991,1
Id4992,1
Id4993,0
Id4994,0
Id4995,0
Id4996,1
Id4997,1
Id4998,0
Id4999,0
Id5000,1
Id5001,1
Id5002,0
Id5003,1
Id5004,1
Id5005,0
Id5006,1
Id5007,0
Id5008,0
Id5009,0
Id5010,0
Id5011,1
Id5012,1
Id5013,0
Id5014,1
Id5015,0
Id5016,1
Id5017,0
Id5018,1
Id5019,0
Id5020,1
Id5021,0
Id5022,1
Id5023,1
Id5024,0
Id5025,1
Id5026,0
Id5027,1
Id5028,1
Id5029,0
Id5030,0
Id5031,0
Id5032,0
Id5033,0
Id5034,0
Id5035,1
Id5036,1
Id5037,1
Id5038,0
Id5039,0
Id5040,0
Id5041,1
Id5042,0
Id5043,0
Id5044,0
Id5045,1
Id5046,1
Id5047,0
Id5048,0
Id5049,0
Id5050,1
Id5051,0
Id5052,1
Id5053,1
Id5054,0
Id5055,0
Id5056,1
Id5057,1
Id5058,1
Id5059,1
Id5060,1
Id5061,0
Id5062,0
Id5063,0
Id5064,0
Id5065,1
Id5066,0
Id5067,0
Id5068,1
Id5069,1
Id5070,0
Id5071,0
Id5072,1
Id5073,1
Id5074,1
Id5075,1
Id5076,1
Id5077,0
Id5078,1
Id5079,1
Id5080,1
Id5081,1
Id5082,1
Id5083,1
Id5084,0
Id5085,0
Id5086,0
Id5087,1
Id5088,0
Id5089,1
Id5090,0
Id5091,0
Id5092,1
Id5093,1
Id5094,1
Id5095,1
Id5096,1
Id5097,0
Id5098,0
Id5099,1
Id5100,1
Id5101,0
Id5102,0
Id5103,1
Id5104,0
Id5105,0
Id5106,0
Id5107,0
Id5108,0
Id5109,0
Id5110,1
Id5111,0
Id5112,1
Id5113,0
Id5114,1
Id5115,1
Id5116,0
Id5117,1
Id5118,1
Id5119,0
Id5120,1
Id5121,0
Id5122,1
Id5123,0
Id5124,0
Id5125,0
Id5126,1
Id5127,1
Id5128,0
Id5129,1
Id5130,0
Id5131,1
Id5132,0
Id5133,1
Id5134,1
Id5135,1
Id5136,0
Id5137,0
Id5138,0
Id5139,1
Id5140,0
Id5141,0
Id5142,1
Id5143,1
Id5144,1
Id5145,1
Id5146,0
Id5147,1
Id5148,0
Id5149,0
Id5150,0
Id5151,1
Id5152,1
Id5153,0
Id5154,0
Id5155,1
Id5156,1
Id5157,1
Id5158,1
Id5159,0
Id5160,0
Id5161,0
Id5162,0
Id5163,0
Id5164,1
Id5165,1
Id5166,1
Id5167,0
Id5168,1
Id5169,0
Id5170,1
Id5171,0
Id5172,1
Id5173,0
Id5174,0
Id5175,0
Id5176,0
Id5177,0
Id5178,0
Id5179,0
Id5180,0
Id5181,1
Id5182,0
Id5183,0
Id5184,1
Id5185,1
Id5186,1
Id5187,0
Id5188,1
Id5189,0
Id5190,1
Id5191,1
Id5192,1
Id5193,0
Id5194,0
Id5195,1
Id5196,0
Id5197,1
Id5198,1
Id5199,0
Id5200,1
Id5201,0
Id5202,1
Id5203,0
Id5204,0
Id5205,0
Id5206,1
Id5207,0
Id5208,0
Id5209,1
Id5210,0
Id5211,1
Id5212,0
Id5213,0
Id5214,1
Id5215,0
Id5216,0
Id5217,0
Id5218,1
Id5219,0
Id5220,0
Id5221,0
Id5222,0
Id5223,0
Id5224,1
Id5225,1
Id5226,1
Id5227,1
Id5228,0
Id5229,1
Id5230,1
Id5231,1
Id5232,0
Id5233,0
Id5234,0
Id5235,0
Id5236,0
Id5237,0
Id5238,0
Id5239,0
Id5240,1
Id5241,1
Id5242,1
Id5243,0
Id5244,0
Id5245,1
Id5246,0
Id5247,1
Id5248,1
Id5249,0
Id5250,0
Id5251,0
Id5252,1
Id5253,1
Id5254,0
Id5255,0
Id5256,0
Id5257,0
Id5258,0
Id5259,0
Id5260,1
Id5261,0
Id5262,0
Id5263,1
Id5264,1
Id5265,0
Id5266,0
Id5267,0
Id5268,1
Id5269,1
Id5270,1
Id5271,0
Id5272,1
Id5273,1
Id5274,0
Id5275,0
Id5276,1
Id5277,1
Id5278,1
Id5279,1
Id5280,0
Id5281,0
Id5282,0
Id5283,1
Id5284,0
Id5285,0
Id5286,0
Id5287,0
Id5288,0
Id5289,1
Id5290,0
Id5291,1
Id5292,1
Id5293,0
Id5294,0
Id5295,1
Id5296,1
Id5297,0
Id5298,0
Id5299,1
Id5300,0
Id5301,1
Id5302,0
Id5303,0
Id5304,1
Id5305,1
Id5306,1
Id5307,1
Id5308,0
Id5309,0
Id5310,0
Id5311,1
Id5312,1
Id5313,1
Id5314,0
Id5315,0
Id5316,1
Id5317,1
Id5318,1
Id5319,1
Id5320,1
Id5321,1
Id5322,1
Id5323,0
Id5324,1
Id5325,1
Id5326,1
Id5327,0
Id5328,0
Id5329,1
Id5330,0
Id5331,1
Id5332,0
Id5333,0
Id5334,1
Id5335,0
Id5336,1
Id5337,0
Id5338,1
Id5339,1
Id5340,0
Id5341,0
Id5342,0
Id5343,1
Id5344,1
Id5345,0
Id5346,1
Id5347,1
Id5348,1
Id5349,1
Id5350,0
Id5351,0
Id5352,1
Id5353,0
Id5354,1
Id5355,0
Id5356,0
Id5357,0
Id5358,0
Id5359,0
Id5360,0
Id5361,1
Id5362,0
Id5363,0
Id5364,0
Id5365,1
Id5366,0
Id5367,1
Id5368,0
Id5369,0
Id5370,1
Id5371,1
Id5372,1
Id5373,0
Id5374,1
Id5375,0
Id5376,1
Id5377,0
Id5378,1
Id5379,0
Id5380,0
Id5381,1
Id5382,0
Id5383,0
Id5384,1
Id5385,1
Id5386,1
Id5387,0
Id5388,0
Id5389,1
Id5390,0
Id5391,0
Id5392,0
Id5393,0
Id5394,0
Id5395,0
Id5396,0
Id5397,1
Id5398,1
Id5399,0
Id5400,0
Id5401,0
Id5402,0
Id5403,1
Id5404,0
Id5405,0
Id5406,0
Id5407,1
Id5408,1
Id5409,1
Id5410,1
Id5411,0
Id5412,0
Id5413,1
Id5414,0
Id5415,1
Id5416,1
Id5417,1
Id5418,1
Id5419,0
Id5420,1
Id5421,1
Id5422,1
Id5423,0
Id5424,1
Id5425,1
Id5426,0
Id5427,0
Id5428,1
Id5429,1
Id5430,0
Id5431,1
Id5432,1
Id5433,0
Id5434,1
Id5435,0
Id5436,1
Id5437,0
Id5438,1
Id5439,0
Id5440,1
Id5441,0
Id5442,1
Id5443,0
Id5444,0
Id5445,0
Id5446,1
Id5447,0
Id5448,1
Id5449,1
Id5450,0
Id5451,1
Id5452,1
Id5453,1
Id5454,0
Id5455,1
Id5456,0
Id5457,1
Id5458,1
Id5459,0
Id5460,1
Id5461,1
Id5462,1
Id5463,1
Id5464,1
Id5465,0
Id5466,1
Id5467,0
Id5468,1
Id5469,1
Id5470,0
Id5471,0
Id5472,0
Id5473,1
Id5474,0
Id5475,0
Id5476,1
Id5477,0
Id5478,0
Id5479,1
Id5480,1
Id5481,1
Id5482,0
Id5483,0
Id5484,1
Id5485,1
Id5486,0
Id5487,0
Id5488,0
Id5489,1
Id5490,0
Id5491,1
Id5492,0
Id5493,1
Id5494,0
Id5495,1
Id5496,0
Id5497,1
Id5498,0
Id5499,0
Id5500,1
Id5501,1
Id5502,0
Id5503,1
Id5504,1
Id5505,0
Id5506,1
Id5507,1
Id5508,1
Id5509,0
Id5510,0
Id5511,1
Id5512,1
Id5513,0
Id5514,1
Id5515,1
Id5516,0
Id5517,1
Id5518,0
Id5519,0
Id5520,0
Id5521,0
Id5522,1
Id5523,1
Id5524,1
Id5525,0
Id5526,1
Id5527,1
Id5528,0
Id5529,1
Id5530,0
Id5531,0
Id5532,0
Id5533,1
Id5534,0
Id5535,0
Id5536,0
Id5537,1
Id5538,0
Id5539,1
Id5540,1
Id5541,1
Id5542,1
Id5543,0
Id5544,0
Id5545,0
Id5546,0
Id5547,0
Id5548,1
Id5549,0
Id5550,1
Id5551,0
Id5552,0
Id5553,0
Id5554,0
Id5555,0
Id5556,0
Id5557,0
Id5558,0
Id5559,1
Id5560,0
Id5561,1
Id5562,0
Id5563,1
Id5564,1
Id5565,0
Id5566,1
Id5567,1
Id5568,0
Id5569,1
Id5570,1
Id5571,0
Id5572,1
Id5573,0
Id5574,0
Id5575,0
Id5576,0
Id5577,0
Id5578,1
Id5579,0
Id5580,1
Id5581,0
Id5582,0
Id5583,0
Id5584,0
Id5585,1
Id5586,1
Id5587,1
Id5588,0
Id5589,0
Id5590,0
Id5591,1
Id5592,1
Id5593,1
Id5594,0
Id5595,0
Id5596,0
Id5597,1
Id5598,1
Id5599,0
Id5600,1
Id5601,1
Id5602,1
Id5603,1
Id5604,0
Id5605,0
Id5606,0
Id5607,0
Id5608,1
Id5609,1
Id5610,0
Id5611,0
Id5612,0
Id5613,1
Id5614,0
Id5615,1
Id5616,1
Id5617,0
Id5618,0
Id5619,0
Id5620,1
Id5621,0
Id5622,0
Id5623,0
Id5624,1
Id5625,1
Id5626,1
Id5627,0
Id5628,1
Id5629,1
Id5630,1
Id5631,1
Id5632,1
Id5633,1
Id5634,0
Id5635,0
Id5636,1
Id5637,0
Id5638,0
Id5639,0
Id5640,1
Id5641,1
Id5642,0
Id5643,0
Id5644,1
Id5645,1
Id5646,1
Id5647,0
Id5648,1
Id5649,1
Id5650,1
Id5651,0
Id5652,0
Id5653,1
Id5654,0
Id5655,0
Id5656,0
Id5657,0
Id5658,0
Id5659,1
Id5660,1
Id5661,1
Id5662,1
Id5663,1
Id5664,0
Id5665,1
Id5666,0
Id5667,0
Id5668,0
Id5669,0
Id5670,0
Id5671,0
Id5672,0
Id5673,0
Id5674,0
Id5675,1
Id5676,0
Id5677,1
Id5678,1
Id5679,0
Id5680,1
Id5681,1
Id5682,0
Id5683,1
Id5684,0
Id5685,0
Id5686,0
Id5687,0
Id5688,1
Id5689,0
Id5690,0
Id5691,1
Id5692,0
Id5693,0
Id5694,0
Id5695,1
Id5696,1
Id5697,1
Id5698,0
Id5699,1
Id5700,0
Id5701,1
Id5702,0
Id5703,0
Id5704,1
Id5705,0
Id5706,1
Id5707,1
Id5708,0
Id5709,1
Id5710,1
Id5711,0
Id5712,1
Id5713,0
Id5714,0
Id5715,1
Id5716,0
Id5717,0
Id5718,1
Id5719,1
Id5720,0
Id5721,0
Id5722,1
Id5723,0
Id5724,0
Id5725,0
Id5726,0
Id5727,1
Id5728,1
Id5729,0
Id5730,1
Id5731,1
Id5732,0
Id5733,0
Id5734,0
Id5735,0
Id5736,1
Id5737,1
Id5738,0
Id5739,0
Id5740,0
Id5741,0
Id5742,1
Id5743,1
Id5744,0
Id5745,0
Id5746,0
Id5747,0
Id5748,0
Id5749,0
Id5750,0
Id5751,0
Id5752,0
Id5753,0
Id5754,1
Id5755,0
Id5756,1
Id5757,0
Id5758,1
Id5759,1
Id5760,0
Id5761,0
Id5762,1
Id5763,0
Id5764,0
Id5765,0
Id5766,0
Id5767,0
Id5768,0
Id5769,0
Id5770,0
Id5771,0
Id5772,1
Id5773,1
Id5774,1
Id5775,0
Id5776,0
Id5777,1
Id5778,1
Id5779,0
Id5780,0
Id5781,0
Id5782,0
Id5783,1
Id5784,0
Id5785,1
Id5786,0
Id5787,0
Id5788,1
Id5789,1
Id5790,1
Id5791,1
Id5792,1
Id5793,1
Id5794,0
Id5795,1
Id5796,0
Id5797,0
Id5798,0
Id5799,0
Id5800,0
Id5801,1
Id5802,0
Id5803,1
Id5804,0
Id5805,1
Id5806,1
Id5807,1
Id5808,1
Id5809,0
Id5810,1
Id5811,0
Id5812,0
Id5813,0
Id5814,0
Id5815,0
Id5816,1
Id5817,1
Id5818,0
Id5819,0
Id5820,1
Id5821,1
Id5822,0
Id5823,0
Id5824,1
Id5825,1
Id5826,0
Id5827,1
Id5828,1
Id5829,1
Id5830,0
Id5831,0
Id5832,0
Id5833,1
Id5834,1
Id5835,0
Id5836,1
Id5837,0
Id5838,0
Id5839,0
Id5840,0
Id5841,0
Id5842,0
Id5843,1
Id5844,1
Id5845,1
Id5846,1
Id5847,1
Id5848,0
Id5849,0
Id5850,0
Id5851,1
Id5852,1
Id5853,0
Id5854,1
Id5855,1
Id5856,0
Id5857,0
Id5858,1
Id5859,1
Id5860,1
Id5861,1
Id5862,1
Id5863,0
Id5864,0
Id5865,0
Id5866,1
Id5867,1
Id5868,1
Id5869,1
Id5870,1
Id5871,0
Id5872,0
Id5873,1
Id5874,0
Id5875,1
Id5876,1
Id5877,1
Id5878,1
Id5879,0
Id5880,1
Id5881,0
Id5882,1
Id5883,0
Id5884,1
Id5885,1
Id5886,1
Id5887,1
Id5888,1
Id5889,0
Id5890,1
Id5891,1
Id5892,1
Id5893,0
Id5894,0
Id5895,0
Id5896,1
Id5897,1
Id5898,1
Id5899,1
Id5900,1
Id5901,1
Id5902,1
Id5903,0
Id5904,1
Id5905,0
Id5906,0
Id5907,1
Id5908,0
Id5909,0
Id5910,1
Id5911,1
Id5912,1
Id5913,0
Id5914,0
Id5915,1
Id5916,0
Id5917,0
Id5918,1
Id5919,1
Id5920,1
Id5921,1
Id5922,0
Id5923,1
Id5924,1
Id5925,0
Id5926,0
Id5927,0
Id5928,1
Id5929,1
Id5930,1
Id5931,0
Id5932,0
Id5933,1
Id5934,0
Id5935,1
Id5936,1
Id5937,1
Id5938,1
Id5939,0
Id5940,0
Id5941,0
Id5942,0
Id5943,0
Id5944,0
Id5945,1
Id5946,0
Id5947,1
Id5948,1
Id5949,0
Id5950,1
Id5951,0
Id5952,0
Id5953,0
Id5954,1
Id5955,1
Id5956,0
Id5957,0
Id5958,1
Id5959,0
Id5960,0
Id5961,1
Id5962,0
Id5963,1
Id5964,1
Id5965,0
Id5966,0
Id5967,1
Id5968,0
Id5969,0
Id5970,0
Id5971,1
Id5972,0
Id5973,0
Id5974,0
Id5975,0
Id5976,0
Id5977,0
Id5978,0
Id5979,1
Id5980,0
Id5981,1
Id5982,0
Id5983,1
Id5984,0
Id5985,1
Id5986,1
Id5987,0
Id5988,0
Id5989,1
Id5990,1
Id5991,0
Id5992,0
Id5993,0
Id5994,1
Id5995,1
Id5996,1
Id5997,0
Id5998,0
Id5999,0
Id6000,0
Id6001,1
Id6002,1
Id6003,0
Id6004,1
Id6005,1
Id6006,0
Id6007,1
Id6008,0
Id6009,1
Id6010,1
Id6011,1
Id6012,0
Id6013,0
Id6014,1
Id6015,0
Id6016,1
Id6017,0
Id6018,1
Id6019,1
Id6020,1
Id6021,0
Id6022,1
Id6023,1
Id6024,0
Id6025,1
Id6026,0
Id6027,0
Id6028,0
Id6029,1
Id6030,1
Id6031,0
Id6032,0
Id6033,1
Id6034,1
Id6035,0
Id6036,1
Id6037,0
Id6038,0
Id6039,0
Id6040,1
Id6041,0
Id6042,0
Id6043,1
Id6044,0
Id6045,0
Id6046,1
Id6047,1
Id6048,0
Id6049,1
Id6050,0
Id6051,1
Id6052,1
Id6053,1
Id6054,0
Id6055,0
Id6056,0
Id6057,1
Id6058,0
Id6059,0
Id6060,0
Id6061,1
Id6062,0
Id6063,1
Id6064,0
Id6065,1
Id6066,0
Id6067,1
Id6068,0
Id6069,0
Id6070,1
Id6071,1
Id6072,0
Id6073,0
Id6074,0
Id6075,1
Id6076,1
Id6077,0
Id6078,0
Id6079,0
Id6080,0
Id6081,0
Id6082,0
Id6083,1
Id6084,1
Id6085,0
Id6086,0
Id6087,1
Id6088,0
Id6089,1
Id6090,1
Id6091,1
Id6092,1
Id6093,1
Id6094,0
Id6095,0
Id6096,1
Id6097,1
Id6098,0
Id6099,0
Id6100,1
Id6101,1
Id6102,0
Id6103,0
Id6104,1
Id6105,1
Id6106,1
Id6107,1
Id6108,0
Id6109,1
Id6110,0
Id6111,1
Id6112,1
Id6113,1
Id6114,1
Id6115,0
Id6116,1
Id6117,0
Id6118,1
Id6119,0
Id6120,1
Id6121,0
Id6122,1
Id6123,0
Id6124,0
Id6125,1
Id6126,0
Id6127,1
Id6128,1
Id6129,1
Id6130,1
Id6131,0
Id6132,1
Id6133,0
Id6134,1
Id6135,0
Id6136,1
Id6137,1
Id6138,0
Id6139,0
Id6140,1
Id6141,0
Id6142,1
Id6143,1
Id6144,0
Id6145,0
Id6146,0
Id6147,0
Id6148,1
Id6149,1
Id6150,0
Id6151,0
Id6152,1
Id6153,1
Id6154,0
Id6155,0
Id6156,1
Id6157,1
Id6158,0
Id6159,1
Id6160,1
Id6161,1
Id6162,1
Id6163,1
Id6164,0
Id6165,0
Id6166,1
Id6167,1
Id6168,0
Id6169,1
Id6170,1
Id6171,1
Id6172,0
Id6173,0
Id6174,0
Id6175,1
Id6176,0
Id6177,1
Id6178,1
Id6179,0
Id6180,1
Id6181,1
Id6182,0
Id6183,0
Id6184,1
Id6185,0
Id6186,1
Id6187,0
Id6188,1
Id6189,0
Id6190,0
Id6191,1
Id6192,0
Id6193,1
Id6194,1
Id6195,1
Id6196,0
Id6197,1
Id6198,0
Id6199,1
Id6200,0
Id6201,0
Id6202,0
Id6203,1
Id6204,0
Id6205,1
Id6206,0
Id6207,1
Id6208,1
Id6209,1
Id6210,0
Id6211,1
Id6212,1
Id6213,0
Id6214,0
Id6215,1
Id6216,1
Id6217,1
Id6218,1
Id6219,1
Id6220,0
Id6221,0
Id6222,1
Id6223,1
Id6224,1
Id6225,0
Id6226,1
Id6227,1
Id6228,0
Id6229,1
Id6230,0
Id6231,0
Id6232,0
Id6233,0
Id6234,1
Id6235,1
Id6236,0
Id6237,1
Id6238,1
Id6239,0
Id6240,1
Id6241,0
Id6242,0
Id6243,0
Id6244,1
Id6245,1
Id6246,0
Id6247,1
Id6248,1
Id6249,0
Id6250,1
Id6251,0
Id6252,0
Id6253,0
Id6254,0
Id6255,1
Id6256,0
Id6257,1
Id6258,1
Id6259,0
Id6260,1
Id6261,1
Id6262,0
Id6263,0
Id6264,1
Id6265,0
Id6266,1
Id6267,0
Id6268,1
Id6269,1
Id6270,0
Id6271,1
Id6272,0
Id6273,0
Id6274,1
Id6275,1
Id6276,0
Id6277,1
Id6278,1
Id6279,0
Id6280,1
Id6281,1
Id6282,0
Id6283,1
Id6284,0
Id6285,1
Id6286,0
Id6287,1
Id6288,1
Id6289,0
Id6290,1
Id6291,0
Id6292,0
Id6293,0
Id6294,0
Id6295,1
Id6296,1
Id6297,0
Id6298,0
Id6299,0
Id6300,1
Id6301,0
Id6302,0
Id6303,0
Id6304,1
Id6305,0
Id6306,0
Id6307,0
Id6308,1
Id6309,0
Id6310,1
Id6311,1
Id6312,1
Id6313,1
Id6314,1
Id6315,0
Id6316,1
Id6317,1
Id6318,1
Id6319,0
Id6320,1
Id6321,1
Id6322,0
Id6323,1
Id6324,0
Id6325,1
Id6326,1
Id6327,1
Id6328,0
Id6329,1
Id6330,1
Id6331,0
Id6332,1
Id6333,0
Id6334,1
Id6335,1
Id6336,1
Id6337,0
Id6338,1
Id6339,1
Id6340,1
Id6341,1
Id6342,0
Id6343,1
Id6344,0
Id6345,0
Id6346,0
Id6347,1
Id6348,1
Id6349,0
Id6350,1
Id6351,0
Id6352,0
Id6353,1
Id6354,1
Id6355,1
Id6356,1
Id6357,0
Id6358,0
Id6359,0
Id6360,1
Id6361,1
Id6362,1
Id6363,1
Id6364,0
Id6365,0
Id6366,1
Id6367,0
Id6368,0
Id6369,0
Id6370,0
Id6371,0
Id6372,1
Id6373,1
Id6374,1
Id6375,1
Id6376,1
Id6377,0
Id6378,0
Id6379,0
Id6380,1
Id6381,1
Id6382,0
Id6383,1
Id6384,0
Id6385,1
Id6386,0
Id6387,1
Id6388,0
Id6389,1
Id6390,0
Id6391,0
Id6392,1
Id6393,1
Id6394,1
Id6395,0
Id6396,1
Id6397,1
Id6398,1
Id6399,0
Id6400,1
Id6401,1
Id6402,1
Id6403,0
Id6404,1
Id6405,1
Id6406,1
Id6407,1
Id6408,1
Id6409,0
Id6410,0
Id6411,1
Id6412,0
Id6413,1
Id6414,1
Id6415,0
Id6416,0
Id6417,1
Id6418,0
Id6419,1
Id6420,1
Id6421,0
Id6422,1
Id6423,0
Id6424,1
Id6425,0
Id6426,0
Id6427,1
Id6428,1
Id6429,1
Id6430,0
Id6431,1
Id6432,1
Id6433,1
Id6434,0
Id6435,0
Id6436,0
Id6437,0
Id6438,0
Id6439,0
Id6440,0
Id6441,1
Id6442,0
Id6443,1
Id6444,1
Id6445,0
Id6446,1
Id6447,0
Id6448,0
Id6449,1
Id6450,1
Id6451,0
Id6452,0
Id6453,1
Id6454,1
Id6455,0
Id6456,1
Id6457,1
Id6458,0
Id6459,0
Id6460,0
Id6461,1
Id6462,0
Id6463,1
Id6464,1
Id6465,0
Id6466,1
Id6467,1
Id6468,0
Id6469,1
Id6470,1
Id6471,0
Id6472,0
Id6473,0
Id6474,0
Id6475,1
Id6476,1
Id6477,0
Id6478,0
Id6479,1
Id6480,0
Id6481,0
Id6482,0
Id6483,0
Id6484,1
Id6485,1
Id6486,0
Id6487,1
Id6488,1
Id6489,0
Id6490,0
Id6491,1
Id6492,0
Id6493,1
Id6494,0
Id6495,0
Id6496,1
Id6497,0
Id6498,1
Id6499,1
Id6500,0
Id6501,0
Id6502,0
Id6503,0
Id6504,1
Id6505,1
Id6506,0
Id6507,1
Id6508,0
Id6509,1
Id6510,0
Id6511,0
Id6512,0
Id6513,0
Id6514,0
Id6515,1
Id6516,1
Id6517,1
Id6518,1
Id6519,1
Id6520,1
Id6521,1
Id6522,1
Id6523,1
Id6524,0
Id6525,1
Id6526,0
Id6527,0
Id6528,1
Id6529,1
Id6530,0
Id6531,0
Id6532,1
Id6533,0
Id6534,0
Id6535,1
Id6536,1
Id6537,1
Id6538,0
Id6539,1
Id6540,1
Id6541,1
Id6542,0
Id6543,1
Id6544,0
Id6545,0
Id6546,0
Id6547,1
Id6548,1
Id6549,1
Id6550,0
Id6551,0
Id6552,1
Id6553,1
Id6554,1
Id6555,1
Id6556,1
Id6557,1
Id6558,1
Id6559,0
Id6560,1
Id6561,1
Id6562,1
Id6563,1
Id6564,0
Id6565,1
Id6566,0
Id6567,0
Id6568,0
Id6569,1
Id6570,0
Id6571,0
Id6572,1
Id6573,1
Id6574,1
Id6575,0
Id6576,1
Id6577,1
Id6578,0
Id6579,1
Id6580,1
Id6581,0
Id6582,0
Id6583,0
Id6584,1
Id6585,1
Id6586,0
Id6587,0
Id6588,1
Id6589,1
Id6590,1
Id6591,0
Id6592,1
Id6593,0
Id6594,1
Id6595,0
Id6596,0
Id6597,1
Id6598,1
Id6599,0
Id6600,0
Id6601,1
Id6602,1
Id6603,0
Id6604,1
Id6605,1
Id6606,1
Id6607,0
Id6608,0
Id6609,0
Id6610,1
Id6611,0
Id6612,1
Id6613,1
Id6614,0
Id6615,1
Id6616,1
Id6617,0
Id6618,0
Id6619,1
Id6620,0
Id6621,0
Id6622,1
Id6623,1
Id6624,0
Id6625,1
Id6626,0
Id6627,0
Id6628,0
Id6629,1
Id6630,1
Id6631,0
Id6632,1
Id6633,1
Id6634,1
Id6635,0
Id6636,0
Id6637,0
Id6638,0
Id6639,0
Id6640,0
Id6641,1
Id6642,0
Id6643,0
Id6644,0
Id6645,1
Id6646,0
Id6647,0
Id6648,1
Id6649,1
Id6650,1
Id6651,1
Id6652,0
Id6653,0
Id6654,0
Id6655,1
Id6656,0
Id6657,0
Id6658,1
Id6659,0
Id6660,1
Id6661,0
Id6662,1
Id6663,0
Id6664,0
Id6665,1
Id6666,0
Id6667,1
Id6668,1
Id6669,0
Id6670,0
Id6671,1
Id6672,1
Id6673,1
Id6674,1
Id6675,0
Id6676,1
Id6677,1
Id6678,0
Id6679,1
Id6680,0
Id6681,1
Id6682,0
Id6683,1
Id6684,1
Id6685,1
Id6686,1
Id6687,1
Id6688,1
Id6689,0
Id6690,0
Id6691,1
Id6692,1
Id6693,0
Id6694,1
Id6695,0
Id6696,0
Id6697,0
Id6698,1
Id6699,0
Id6700,0
Id6701,0
Id6702,1
Id6703,1
Id6704,1
Id6705,1
Id6706,0
Id6707,1
Id6708,0
Id6709,1
Id6710,1
Id6711,0
Id6712,1
Id6713,0
Id6714,1
Id6715,0
Id6716,0
Id6717,1
Id6718,0
Id6719,0
Id6720,1
Id6721,0
Id6722,1
Id6723,1
Id6724,1
Id6725,0
Id6726,0
Id6727,1
Id6728,0
Id6729,1
Id6730,0
Id6731,0
Id6732,0
Id6733,0
Id6734,1
Id6735,0
Id6736,1
Id6737,1
Id6738,1
Id6739,1
Id6740,1
Id6741,1
Id6742,0
Id6743,0
Id6744,0
Id6745,1
Id6746,0
Id6747,0
Id6748,1
Id6749,1
Id6750,1
Id6751,1
Id6752,1
Id6753,0
Id6754,0
Id6755,0
Id6756,1
Id6757,1
Id6758,0
Id6759,1
Id6760,1
Id6761,1
Id6762,0
Id6763,1
Id6764,1
Id6765,1
Id6766,0
Id6767,0
Id6768,1
Id6769,1
Id6770,0
Id6771,0
Id6772,0
Id6773,1
Id6774,0
Id6775,0
Id6776,1
Id6777,1
Id6778,0
Id6779,1
Id6780,0
Id6781,0
Id6782,0
Id6783,1
Id6784,1
Id6785,1
Id6786,1
Id6787,0
Id6788,1
Id6789,0
Id6790,1
Id6791,0
Id6792,0
Id6793,0
Id6794,1
Id6795,1
Id6796,0
Id6797,0
Id6798,0
Id6799,1
Id6800,0
Id6801,1
Id6802,1
Id6803,1
Id6804,1
Id6805,0
Id6806,0
Id6807,1
Id6808,1
Id6809,0
Id6810,1
Id6811,1
Id6812,1
Id6813,1
Id6814,1
Id6815,0
Id6816,0
Id6817,1
Id6818,1
Id6819,0
Id6820,0
Id6821,1
Id6822,1
Id6823,1
Id6824,1
Id6825,0
Id6826,0
Id6827,0
Id6828,1
Id6829,1
Id6830,1
Id6831,1
Id6832,1
Id6833,0
Id6834,0
Id6835,1
Id6836,0
Id6837,1
Id6838,0
Id6839,1
Id6840,0
Id6841,1
Id6842,0
Id6843,0
Id6844,1
Id6845,0
Id6846,0
Id6847,1
Id6848,1
Id6849,1
Id6850,1
Id6851,1
Id6852,0
Id6853,1
Id6854,0
Id6855,0
Id6856,0
Id6857,1
Id6858,0
Id6859,1
Id6860,0
Id6861,1
Id6862,1
Id6863,1
Id6864,0
Id6865,0
Id6866,0
Id6867,0
Id6868,0
Id6869,0
Id6870,0
Id6871,0
Id6872,1
Id6873,0
Id6874,1
Id6875,0
Id6876,1
Id6877,1
Id6878,1
Id6879,0
Id6880,1
Id6881,1
Id6882,1
Id6883,1
Id6884,0
Id6885,1
Id6886,1
Id6887,1
Id6888,1
Id6889,1
Id6890,0
Id6891,1
Id6892,1
Id6893,1
Id6894,0
Id6895,0
Id6896,1
Id6897,1
Id6898,1
Id6899,0
Id6900,1
Id6901,1
Id6902,0
Id6903,0
Id6904,0
Id6905,1
Id6906,0
Id6907,1
Id6908,0
Id6909,1
Id6910,1
Id6911,1
Id6912,0
Id6913,0
Id6914,0
Id6915,0
Id6916,0
Id6917,1
Id6918,1
Id6919,0
Id6920,1
Id6921,0
Id6922,0
Id6923,0
Id6924,1
Id6925,0
Id6926,0
Id6927,0
Id6928,0
Id6929,0
Id6930,0
Id6931,0
Id6932,1
Id6933,0
Id6934,0
Id6935,1
Id6936,1
Id6937,1
Id6938,0
Id6939,0
Id6940,0
Id6941,0
Id6942,0
Id6943,1
Id6944,1
Id6945,0
Id6946,0
Id6947,0
Id6948,1
Id6949,0
Id6950,0
Id6951,1
Id6952,1
Id6953,1
Id6954,0
Id6955,0
Id6956,1
Id6957,0
Id6958,1
Id6959,0
Id6960,1
Id6961,1
Id6962,0
Id6963,0
Id6964,0
Id6965,1
Id6966,1
Id6967,0
Id6968,1
Id6969,0
Id6970,1
Id6971,0
Id6972,0
Id6973,1
Id6974,1
Id6975,0
Id6976,0
Id6977,0
Id6978,1
Id6979,1
Id6980,0
Id6981,1
Id6982,1
Id6983,1
Id6984,0
Id6985,1
Id6986,1
Id6987,0
Id6988,1
Id6989,0
Id6990,1
Id6991,0
Id6992,0
Id6993,0
Id6994,0
Id6995,0
Id6996,1
Id6997,1
Id6998,1
Id6999,0
Id7000,1
Id7001,0
Id7002,0
Id7003,1
Id7004,0
Id7005,0
Id7006,0
Id7007,0
Id7008,0
Id7009,1
Id7010,1
Id7011,0
Id7012,0
Id7013,1
Id7014,0
Id7015,0
Id7016,0
Id7017,1
Id7018,1
Id7019,0
Id7020,1
Id7021,1
Id7022,0
Id7023,0
Id7024,0
Id7025,1
Id7026,0
Id7027,0
Id7028,1
Id7029,1
Id7030,1
Id7031,1
Id7032,0
Id7033,1
Id7034,0
Id7035,0
Id7036,0
Id7037,1
Id7038,1
Id7039,1
Id7040,0
Id7041,1
Id7042,0
Id7043,0
Id7044,1
Id7045,0
Id7046,1
Id7047,1
Id7048,1
Id7049,1
Id7050,1
Id7051,1
Id7052,0
Id7053,0
Id7054,1
Id7055,0
Id7056,0
Id7057,1
Id7058,1
Id7059,0
Id7060,0
Id7061,1
Id7062,1
Id7063,1
Id7064,1
Id7065,0
Id7066,0
Id7067,1
Id7068,1
Id7069,1
Id7070,1
Id7071,1
Id7072,1
Id7073,0
Id7074,0
Id7075,1
Id7076,0
Id7077,0
Id7078,1
Id7079,1
Id7080,1
Id7081,0
Id7082,1
Id7083,0
Id7084,1
Id7085,0
Id7086,0
Id7087,0
Id7088,0
Id7089,1
Id7090,1
Id7091,0
Id7092,1
Id7093,0
Id7094,1
Id7095,0
Id7096,1
Id7097,0
Id7098,1
Id7099,1
Id7100,0
Id7101,0
Id7102,0
Id7103,1
Id7104,0
Id7105,1
Id7106,0
Id7107,0
Id7108,1
Id7109,0
Id7110,0
Id7111,0
Id7112,0
Id7113,0
Id7114,0
Id7115,1
Id7116,0
Id7117,0
Id7118,0
Id7119,0
Id7120,1
Id7121,1
Id7122,0
Id7123,1
Id7124,1
Id7125,1
Id7126,0
Id7127,1
Id7128,0
Id7129,1
Id7130,1
Id7131,0
Id7132,1
Id7133,0
Id7134,1
Id7135,1
Id7136,0
Id7137,0
Id7138,1
Id7139,0
Id7140,0
Id7141,0
Id7142,1
Id7143,1
Id7144,1
Id7145,1
Id7146,1
Id7147,1
Id7148,1
Id7149,0
Id7150,1
Id7151,1
Id7152,1
Id7153,0
Id7154,1
Id7155,0
Id7156,1
Id7157,0
Id7158,1
Id7159,0
Id7160,0
Id7161,1
Id7162,1
Id7163,0
Id7164,0
Id7165,0
Id7166,1
Id7167,0
Id7168,1
Id7169,0
Id7170,1
Id7171,0
Id7172,1
Id7173,1
Id7174,0
Id7175,1
Id7176,1
Id7177,1
Id7178,1
Id7179,1
Id7180,0
Id7181,0
Id7182,1
Id7183,0
Id7184,0
Id7185,1
Id7186,0
Id7187,0
Id7188,1
Id7189,1
Id7190,0
Id7191,0
Id7192,0
Id7193,0
Id7194,0
Id7195,1
Id7196,0
Id7197,0
Id7198,1
Id7199,1
Id7200,0
Id7201,0
Id7202,0
Id7203,0
Id7204,1
Id7205,1
Id7206,1
Id7207,1
Id7208,1
Id7209,0
Id7210,1
Id7211,1
Id7212,1
Id7213,1
Id7214,0
Id7215,1
Id7216,0
Id7217,1
Id7218,0
Id7219,0
Id7220,0
Id7221,1
Id7222,1
Id7223,1
Id7224,0
Id7225,1
Id7226,1
Id7227,1
Id7228,1
Id7229,1
Id7230,1
Id7231,0
Id7232,0
Id7233,0
Id7234,0
Id7235,0
Id7236,1
Id7237,1
Id7238,0
Id7239,0
Id7240,0
Id7241,0
Id7242,1
Id7243,0
Id7244,0
Id7245,1
Id7246,1
Id7247,1
Id7248,1
Id7249,0
Id7250,0
Id7251,0
Id7252,1
Id7253,1
Id7254,1
Id7255,0
Id7256,0
Id7257,0
Id7258,1
Id7259,0
Id7260,0
Id7261,1
Id7262,0
Id7263,1
Id7264,0
Id7265,1
Id7266,0
Id7267,0
Id7268,1
Id7269,1
Id7270,1
Id7271,1
Id7272,1
Id7273,1
Id7274,1
Id7275,0
Id7276,0
Id7277,0
Id7278,0
Id7279,1
Id7280,1
Id7281,1
Id7282,1
Id7283,0
Id7284,1
Id7285,0
Id7286,0
Id7287,0
Id7288,0
Id7289,1
Id7290,0
Id7291,0
Id7292,0
Id7293,1
Id7294,0
Id7295,1
Id7296,1
Id7297,0
Id7298,0
Id7299,0
Id7300,1
Id7301,1
Id7302,0
Id7303,0
Id7304,0
Id7305,1
Id7306,0
Id7307,1
Id7308,1
Id7309,1
Id7310,0
Id7311,1
Id7312,0
Id7313,0
Id7314,1
Id7315,0
Id7316,0
Id7317,1
Id7318,1
Id7319,1
Id7320,0
Id7321,1
Id7322,1
Id7323,0
Id7324,0
Id7325,0
Id7326,0
Id7327,1
Id7328,0
Id7329,0
Id7330,1
Id7331,1
Id7332,0
Id7333,1
Id7334,0
Id7335,1
Id7336,0
Id7337,1
Id7338,1
Id7339,0
Id7340,0
Id7341,0
Id7342,0
Id7343,1
Id7344,0
Id7345,0
Id7346,1
Id7347,1
Id7348,0
Id7349,1
Id7350,0
Id7351,0
Id7352,1
Id7353,1
Id7354,1
Id7355,0
Id7356,0
Id7357,1
Id7358,1
Id7359,1
Id7360,0
Id7361,0
Id7362,1
Id7363,1
Id7364,1
Id7365,0
Id7366,1
Id7367,1
Id7368,0
Id7369,1
Id7370,1
Id7371,1
Id7372,0
Id7373,0
Id7374,1
Id7375,1
Id7376,0
Id7377,0
Id7378,1
Id7379,1
Id7380,0
Id7381,0
Id7382,1
Id7383,0
Id7384,0
Id7385,1
Id7386,1
Id7387,0
Id7388,0
Id7389,1
Id7390,1
Id7391,1
Id7392,0
Id7393,1
Id7394,0
Id7395,0
Id7396,1
Id7397,0
Id7398,1
Id7399,0
Id7400,1
Id7401,1
Id7402,1
Id7403,0
Id7404,1
Id7405,1
Id7406,0
Id7407,0
Id7408,0
Id7409,1
Id7410,1
Id7411,1
Id7412,0
Id7413,0
Id7414,0
Id7415,1
Id7416,1
Id7417,0
Id7418,1
Id7419,1
Id7420,1
Id7421,1
Id7422,1
Id7423,1
Id7424,0
Id7425,0
Id7426,1
Id7427,1
Id7428,0
Id7429,1
Id7430,1
Id7431,1
Id7432,0
Id7433,0
Id7434,1
Id7435,1
Id7436,1
Id7437,0
Id7438,1
Id7439,0
Id7440,0
Id7441,1
Id7442,1
Id7443,0
Id7444,0
Id7445,1
Id7446,0
Id7447,1
Id7448,1
Id7449,0
Id7450,1
Id7451,0
Id7452,1
Id7453,0
Id7454,1
Id7455,0
Id7456,0
Id7457,0
Id7458,1
Id7459,0
Id7460,0
Id7461,0
Id7462,0
Id7463,0
Id7464,1
Id7465,1
Id7466,1
Id7467,0
Id7468,0
Id7469,0
Id7470,0
Id7471,0
Id7472,0
Id7473,0
Id7474,0
Id7475,0
Id7476,0
Id7477,1
Id7478,0
Id7479,0
Id7480,1
Id7481,0
Id7482,1
Id7483,1
Id7484,1
Id7485,1
Id7486,1
Id7487,0
Id7488,0
Id7489,1
Id7490,0
Id7491,1
Id7492,1
Id7493,1
Id7494,1
Id7495,0
Id7496,1
Id7497,1
Id7498,1
Id7499,1
Id7500,0
Id7501,1
Id7502,0
Id7503,1
Id7504,0
Id7505,0
Id7506,0
Id7507,1
Id7508,1
Id7509,0
Id7510,1
Id7511,1
Id7512,0
Id7513,1
Id7514,0
Id7515,1
Id7516,1
Id7517,1
Id7518,1
Id7519,0
Id7520,1
Id7521,0
Id7522,0
Id7523,0
Id7524,0
Id7525,1
Id7526,0
Id7527,1
Id7528,0
Id7529,0
Id7530,1
Id7531,1
Id7532,1
Id7533,0
Id7534,1
Id7535,1
Id7536,0
Id7537,1
Id7538,0
Id7539,0
Id7540,1
Id7541,1
Id7542,1
Id7543,0
Id7544,0
Id7545,0
Id7546,0
Id7547,0
Id7548,0
Id7549,1
Id7550,1
Id7551,0
Id7552,1
Id7553,1
Id7554,0
Id7555,1
Id7556,0
Id7557,0
Id7558,1
Id7559,1
Id7560,0
Id7561,1
Id7562,0
Id7563,1
Id7564,0
Id7565,1
Id7566,1
Id7567,0
Id7568,0
Id7569,1
Id7570,1
Id7571,0
Id7572,0
Id7573,1
Id7574,1
Id7575,0
Id7576,0
Id7577,0
Id7578,0
Id7579,0
Id7580,1
Id7581,1
Id7582,0
Id7583,1
Id7584,1
Id7585,1
Id7586,0
Id7587,1
Id7588,1
Id7589,1
Id7590,0
Id7591,0
Id7592,1
Id7593,0
Id7594,1
Id7595,0
Id7596,0
Id7597,1
Id7598,0
Id7599,0
Id7600,1
Id7601,1
Id7602,1
Id7603,1
Id7604,1
Id7605,1
Id7606,1
Id7607,0
Id7608,1
Id7609,0
Id7610,0
Id7611,1
Id7612,1
Id7613,0
Id7614,0
Id7615,0
Id7616,1
Id7617,0
Id7618,1
Id7619,1
Id7620,0
Id7621,0
Id7622,1
Id7623,0
Id7624,0
Id7625,0
Id7626,0
Id7627,0
Id7628,1
Id7629,1
Id7630,0
Id7631,1
Id7632,0
Id7633,0
Id7634,1
Id7635,1
Id7636,0
Id7637,1
Id7638,1
Id7639,1
Id7640,0
Id7641,1
Id7642,0
Id7643,1
Id7644,1
Id7645,1
Id7646,0
Id7647,1
Id7648,1
Id7649,0
Id7650,1
Id7651,1
Id7652,0
Id7653,1
Id7654,0
Id7655,1
Id7656,0
Id7657,1
Id7658,0
Id7659,0
Id7660,1
Id7661,1
Id7662,0
Id7663,1
Id7664,0
Id7665,0
Id7666,0
Id7667,1
Id7668,1
Id7669,0
Id7670,0
Id7671,1
Id7672,0
Id7673,1
Id7674,0
Id7675,1
Id7676,1
Id7677,0
Id7678,0
Id7679,1
Id7680,1
Id7681,0
Id7682,0
Id7683,1
Id7684,0
Id7685,0
Id7686,1
Id7687,0
Id7688,0
Id7689,1
Id7690,1
Id7691,1
Id7692,0
Id7693,1
Id7694,0
Id7695,1
Id7696,1
Id7697,1
Id7698,0
Id7699,1
Id7700,0
Id7701,1
Id7702,0
Id7703,0
Id7704,0
Id7705,1
Id7706,1
Id7707,1
Id7708,0
Id7709,1
Id7710,1
Id7711,1
Id7712,1
Id7713,1
Id7714,1
Id7715,1
Id7716,1
Id7717,0
Id7718,0
Id7719,1
Id7720,1
Id7721,1
Id7722,0
Id7723,1
Id7724,0
Id7725,0
Id7726,0
Id7727,0
Id7728,0
Id7729,1
Id7730,1
Id7731,1
Id7732,0
Id7733,1
Id7734,1
Id7735,1
Id7736,0
Id7737,1
Id7738,1
Id7739,1
Id7740,0
Id7741,1
Id7742,1
Id7743,0
Id7744,0
Id7745,1
Id7746,0
Id7747,1
Id7748,0
Id7749,1
Id7750,0
Id7751,0
Id7752,1
Id7753,0
Id7754,1
Id7755,0
Id7756,1
Id7757,0
Id7758,0
Id7759,0
Id7760,0
Id7761,1
Id7762,1
Id7763,1
Id7764,1
Id7765,1
Id7766,1
Id7767,1
Id7768,1
Id7769,0
Id7770,1
Id7771,0
Id7772,0
Id7773,1
Id7774,1
Id7775,1
Id7776,1
Id7777,1
Id7778,1
Id7779,1
Id7780,0
Id7781,1
Id7782,0
Id7783,1
Id7784,1
Id7785,0
Id7786,0
Id7787,1
Id7788,0
Id7789,0
Id7790,0
Id7791,0
Id7792,1
Id7793,1
Id7794,1
Id7795,1
Id7796,1
Id7797,1
Id7798,1
Id7799,0
Id7800,0
Id7801,1
Id7802,1
Id7803,1
Id7804,0
Id7805,0
Id7806,0
Id7807,0
Id7808,1
Id7809,0
Id7810,0
Id7811,0
Id7812,0
Id7813,0
Id7814,1
Id7815,0
Id7816,0
Id7817,1
Id7818,0
Id7819,1
Id7820,1
Id7821,1
Id7822,1
Id7823,1
Id7824,1
Id7825,0
Id7826,1
Id7827,0
Id7828,1
Id7829,0
Id7830,0
Id7831,1
Id7832,0
Id7833,0
Id7834,1
Id7835,0
Id7836,0
Id7837,0
Id7838,0
Id7839,1
Id7840,1
Id7841,0
Id7842,1
Id7843,0
Id7844,1
Id7845,0
Id7846,0
Id7847,0
Id7848,0
Id7849,0
Id7850,0
Id7851,0
Id7852,0
Id7853,1
Id7854,1
Id7855,0
Id7856,0
Id7857,1
Id7858,0
Id7859,1
Id7860,0
Id7861,0
Id7862,0
Id7863,1
Id7864,0
Id7865,0
Id7866,1
Id7867,1
Id7868,1
Id7869,0
Id7870,1
Id7871,0
Id7872,1
Id7873,0
Id7874,0
Id7875,0
Id7876,1
Id7877,1
Id7878,0
Id7879,1
Id7880,1
Id7881,0
Id7882,0
Id7883,1
Id7884,0
Id7885,1
Id7886,1
Id7887,0
Id7888,1
Id7889,0
Id7890,1
Id7891,0
Id7892,1
Id7893,0
Id7894,0
Id7895,0
Id7896,1
Id7897,0
Id7898,1
Id7899,0
Id7900,0
Id7901,0
Id7902,1
Id7903,0
Id7904,1
Id7905,1
Id7906,0
Id7907,1
Id7908,0
Id7909,1
Id7910,0
Id7911,1
Id7912,1
Id7913,0
Id7914,0
Id7915,0
Id7916,1
Id7917,0
Id7918,0
Id7919,0
Id7920,0
Id7921,1
Id7922,1
Id7923,0
Id7924,0
Id7925,1
Id7926,0
Id7927,1
Id7928,1
Id7929,0
Id7930,0
Id7931,0
Id7932,1
Id7933,1
Id7934,0
Id7935,1
Id7936,0
Id7937,1
Id7938,1
Id7939,1
Id7940,0
Id7941,1
Id7942,1
Id7943,0
Id7944,1
Id7945,1
Id7946,0
Id7947,0
Id7948,0
Id7949,0
Id7950,0
Id7951,1
Id7952,0
Id7953,1
Id7954,0
Id7955,0
Id7956,1
Id7957,0
Id7958,0
Id7959,1
Id7960,0
Id7961,0
Id7962,1
Id7963,0
Id7964,0
Id7965,1
Id7966,1
Id7967,0
Id7968,1
Id7969,0
Id7970,1
Id7971,1
Id7972,1
Id7973,1
Id7974,1
Id7975,0
Id7976,1
Id7977,0
Id7978,1
Id7979,1
Id7980,1
Id7981,0
Id7982,0
Id7983,1
Id7984,0
Id7985,1
Id7986,1
Id7987,1
Id7988,0
Id7989,0
Id7990,1
Id7991,0
Id7992,1
Id7993,1
Id7994,0
Id7995,1
Id7996,0
Id7997,1
Id7998,0
Id7999,0
Id8000,0
